{
  "pathway_type": "semantic_bridges",
  "bridge_datasets": [],
  "total_datasets": 3,
  "connection_matrix": [
    [
      0.0,
      0.9757849549632002,
      0.9883998757327787
    ],
    [
      0.9757849549632002,
      0.0,
      0.9702961888672235
    ],
    [
      0.9883998757327787,
      0.9702961888672235,
      0.0
    ]
  ],
  "dataset_info": {
    "0": {
      "file_info": {
        "file_path": "part-00520-8d7288b5-e7b4-445f-98f7-dd96cdd21fe0.c000.csv",
        "file_name": "part-00520-8d7288b5-e7b4-445f-98f7-dd96cdd21fe0.c000.csv",
        "index": 0,
        "shape": [
          301,
          61
        ],
        "data_type": "tabular",
        "matrix_type": "general",
        "semantic_coords": [
          0.0838979358422744,
          0.1,
          0.1775944824341364,
          0.1838979358422744,
          0.15000000000000002,
          0.20666666666666667,
          0.21630303030418718,
          0.16111111111111112,
          0.05,
          0.05,
          0.05,
          0.05,
          0.15000000000000002,
          0.15000000000000002,
          0.15008169489679213,
          0.1522260019053098
        ]
      },
      "semantic_interpretation": {
        "structural_complexity": 0.0838979358422744,
        "sparsity_ratio": 0.1,
        "symmetry_score": 0.1775944824341364,
        "value_distribution": 0.1838979358422744,
        "temporal_patterns": 0.15000000000000002,
        "hierarchical_structure": 0.20666666666666667,
        "clustering_tendency": 0.21630303030418718,
        "contextual_coherence": 0.16111111111111112,
        "data_density": 0.05,
        "pattern_regularity": 0.05,
        "semantic_richness": 0.05,
        "cross_references": 0.05,
        "entity_diversity": 0.15000000000000002,
        "relationship_strength": 0.15000000000000002,
        "domain_specificity": 0.15008169489679213,
        "information_entropy": 0.1522260019053098
      },
      "matrix_analysis": {
        "matrix_type": "general",
        "data_type": "tabular",
        "shape": [
          301,
          61
        ],
        "complexity_estimate": 18361.0,
        "memory_efficiency": 0.5
      }
    },
    "1": {
      "file_info": {
        "file_path": "part-00520-59bb15b1-8575-4586-8e15-e12f498bc0a6.c000.csv",
        "file_name": "part-00520-59bb15b1-8575-4586-8e15-e12f498bc0a6.c000.csv",
        "index": 1,
        "shape": [
          3421,
          14
        ],
        "data_type": "tabular",
        "matrix_type": "general",
        "semantic_coords": [
          0.10039339484872732,
          0.10142314838273286,
          0.17882336534078352,
          0.19978457682974826,
          0.15096513920914517,
          0.20753822409414324,
          0.21709753197390433,
          0.16184106425772019,
          0.05067509746858365,
          0.05062790519529314,
          0.05058687616685122,
          0.050550877603558655,
          0.14640024183298078,
          0.1504906767432742,
          0.15645347711663235,
          0.15266833537256358
        ]
      },
      "semantic_interpretation": {
        "structural_complexity": 0.10039339484872732,
        "sparsity_ratio": 0.10142314838273286,
        "symmetry_score": 0.17882336534078352,
        "value_distribution": 0.19978457682974826,
        "temporal_patterns": 0.15096513920914517,
        "hierarchical_structure": 0.20753822409414324,
        "clustering_tendency": 0.21709753197390433,
        "contextual_coherence": 0.16184106425772019,
        "data_density": 0.05067509746858365,
        "pattern_regularity": 0.05062790519529314,
        "semantic_richness": 0.05058687616685122,
        "cross_references": 0.050550877603558655,
        "entity_diversity": 0.14640024183298078,
        "relationship_strength": 0.1504906767432742,
        "domain_specificity": 0.15645347711663235,
        "information_entropy": 0.15266833537256358
      },
      "matrix_analysis": {
        "matrix_type": "general",
        "data_type": "tabular",
        "shape": [
          3421,
          14
        ],
        "complexity_estimate": 47894.0,
        "memory_efficiency": 0.5
      }
    },
    "2": {
      "file_info": {
        "file_path": "part-00520-3c39916b-5ac3-4330-98a2-c4017d4667da.c000.csv",
        "file_name": "part-00520-3c39916b-5ac3-4330-98a2-c4017d4667da.c000.csv",
        "index": 2,
        "shape": [
          3502,
          14
        ],
        "data_type": "tabular",
        "matrix_type": "general",
        "semantic_coords": [
          0.0797795500237851,
          0.1028173255684143,
          0.18003361963522016,
          0.1785978564784748,
          0.1519212671735371,
          0.20840314844333596,
          0.21788701054825932,
          0.16256712278846117,
          0.05134711462225861,
          0.05125333233564305,
          0.05117172924997717,
          0.0511000822099408,
          0.14681402034372928,
          0.15098017140329562,
          0.15689547723375344,
          0.15310980295128324
        ]
      },
      "semantic_interpretation": {
        "structural_complexity": 0.0797795500237851,
        "sparsity_ratio": 0.1028173255684143,
        "symmetry_score": 0.18003361963522016,
        "value_distribution": 0.1785978564784748,
        "temporal_patterns": 0.1519212671735371,
        "hierarchical_structure": 0.20840314844333596,
        "clustering_tendency": 0.21788701054825932,
        "contextual_coherence": 0.16256712278846117,
        "data_density": 0.05134711462225861,
        "pattern_regularity": 0.05125333233564305,
        "semantic_richness": 0.05117172924997717,
        "cross_references": 0.0511000822099408,
        "entity_diversity": 0.14681402034372928,
        "relationship_strength": 0.15098017140329562,
        "domain_specificity": 0.15689547723375344,
        "information_entropy": 0.15310980295128324
      },
      "matrix_analysis": {
        "matrix_type": "general",
        "data_type": "tabular",
        "shape": [
          3502,
          14
        ],
        "complexity_estimate": 49028.0,
        "memory_efficiency": 0.5
      }
    }
  }
}